R,0xa9fb,
W,0xe3dd,48756
R,0xdc02,
R,0x3558,
R,0x8fe2,
R,0xb9d,
W,0x51fa,35844
W,0xfb88,35376
W,0xde24,60365
R,0x2b7d,
R,0x2d8e,
R,0xf422,
W,0xddf3,17502
W,0x3429,40520
W,0x64a2,27917
W,0x57c5,30138
R,0xee1,
W,0x2da4,40428
R,0xc2be,
W,0xd448,38877
W,0x796a,56518
W,0xafbd,7362
W,0x3e6b,883
W,0x123a,5096
R,0xd8d0,
R,0xd5c3,
W,0x8a2d,60917
R,0xf076,
W,0x136c,5671
R,0x8897,
R,0x9dca,
W,0xdffb,47508
R,0x141f,
W,0x42d0,51955
W,0xf907,55739
W,0xf873,53824
W,0xb10a,20083
R,0x9ebe,
W,0xb07f,44176
R,0xb32,
R,0x625e,
W,0x6f60,12486
W,0xd5c0,25999
W,0xdc8d,50961
R,0x1d5b,
R,0x95b,
R,0x428d,
R,0x4bfe,
W,0x72ce,49490
R,0x30e0,
R,0xcf1f,
R,0xa05a,
R,0x5d27,
R,0xc409,
W,0x3b03,4163
R,0x92d2,
R,0xe564,
R,0x3c54,
W,0xa3a0,29642
W,0x9745,34120
W,0x7116,18977
W,0x7314,62146
W,0xdcf2,16282
R,0x8aed,
W,0x65a2,43080
W,0xf77c,63550
R,0xae21,
W,0x5938,20142
W,0xc48,43489
W,0x1a62,23393
W,0xfbb,30996
R,0x4dda,
W,0x413a,39490
W,0xb6dc,14849
R,0xfd16,
W,0xfdb1,7270
W,0x1cdc,25767
R,0xb755,
R,0x5022,
W,0x1f56,9006
W,0xbb51,53837
R,0xaa57,
R,0xefd9,
R,0xf709,
R,0xf2e7,
R,0x65cb,
R,0x4eae,
R,0x3c17,
W,0xf1e3,17160
W,0x6908,20071
R,0x1746,
R,0x1acd,
W,0x1bf,44644
W,0x8e52,47322
R,0x7410,
W,0x816d,23058
W,0x3050,9063
R,0xdab3,
R,0x8def,
W,0x2b9f,60823