R,0xd241,
W,0x3f1b,4911
W,0x8c05,28940
R,0xddad,
R,0xa74e,
W,0xcac0,45749
W,0x4709,48497
W,0xc230,40465
W,0x594f,42238
R,0x489d,
R,0x4cf2,
W,0x89fb,64289
R,0x56cd,
W,0xfd2c,555
W,0x9ed9,19540
W,0xa522,4840
W,0x2510,24510
W,0x5a2f,21593
W,0x46dc,41528
W,0x892d,4777
R,0x2085,
R,0x666f,
W,0x6c7f,52342
R,0x76ab,
W,0x5448,32182
R,0x8e97,
R,0x43d2,
W,0x230c,64171
R,0x971f,
W,0xbe89,57254
W,0x48f5,45997
W,0x5aad,61471
W,0x542a,15745
W,0x664,5620
R,0x7fa0,
R,0x8cd5,
R,0x1a01,
W,0xa5ac,35963
R,0x1e47,
W,0xf73d,59814
W,0x825,16274
R,0xb675,
W,0xa9f5,22888
W,0xc79a,62901
W,0x78fd,5755
R,0xd1b9,
R,0x10e,
R,0xbbd9,
R,0xf16f,
W,0x30f3,32782
R,0xd32d,
R,0x6e8c,
R,0xc0da,
R,0x3129,
W,0xe187,45
R,0x66c6,
R,0x5e87,
R,0xdda8,
W,0xb057,34323
R,0x8e6f,
R,0x4291,
W,0x443b,44875
R,0x7e9a,
W,0x3f5e,57206
R,0x864f,
R,0xb666,
W,0xe45b,60484
W,0xffc5,63657
R,0x3ccf,
R,0xdd10,
R,0x3e23,
W,0x150,40295
W,0xf827,23074
W,0x8d44,13759
W,0x1193,3371
R,0x8f53,
R,0xaecc,
W,0xdea,3424
R,0x3fc1,
R,0xcfd,
R,0xe5c,
W,0x4c,50973
R,0x319f,
R,0xceeb,
W,0x4959,43554
R,0x6b2c,
W,0xa99a,61621
W,0x4ca3,43049
W,0x9e0f,9883
R,0x2283,
W,0xc82a,33516
W,0x8053,6272
R,0xd561,
W,0xeec5,25364
W,0xb359,28029
W,0x51fd,41359
W,0xfc42,35001
W,0x4e2f,19966
W,0x8b95,32910
R,0x1a20,
R,0xe6af,
W,0xf134,60157
R,0x553a,
W,0xa7a1,64328
R,0xb376,
W,0xdb46,31977
R,0x35f1,
R,0xde6f,
R,0xc2e5,
W,0x935f,55742
R,0xacc5,
W,0xa79d,29220
W,0x88c8,22519
R,0x793e,
R,0xe4ba,
R,0x6b4e,
R,0x2a45,
R,0x9f22,
R,0x1805,
W,0xb399,41545
R,0xb033,
R,0xc157,
R,0x31a8,
W,0x4559,65389
R,0x5a7d,
W,0x4ef,38823
R,0xfc78,
R,0xfda1,
R,0x70f,
W,0x5220,56069
R,0xa566,
R,0x952,
R,0x43a4,
W,0x941d,24247
W,0x8233,40292
R,0x1973,
W,0xdc12,41634
W,0x7636,17754
W,0xa0a,48744
W,0x9723,10705
W,0x2bc,37408
W,0xfb88,49761
W,0x265,63168
W,0x417f,48702
W,0x20b,10021
R,0x624a,
R,0xe4aa,
W,0xd199,4392
W,0x8083,60475
W,0xd801,30828
W,0x30c5,14106
R,0x3b8,
R,0xa7b6,
R,0x1e4d,
R,0x9242,
R,0xd7e7,
R,0x108c,
R,0x64cc,
W,0x7967,14099
R,0xdd58,
R,0xcb5a,
W,0x9487,17079
W,0xf010,26526
R,0x70c0,
W,0xb5d4,59947
W,0x49b4,5601
W,0x6477,446
R,0xc69e,
W,0xaccd,37808
W,0xfd47,44833
W,0xd95c,27813
W,0x4703,15987
W,0x33d2,38606
W,0x8596,14614
R,0xd990,
R,0x4c35,
W,0xba9a,45550
R,0xa8d4,
R,0x613b,
W,0x801d,33158
R,0x968e,
W,0xcee8,21560
R,0xba45,
R,0xd01d,
W,0x93e8,15457
W,0x2440,64580
R,0x40eb,
R,0x1dc4,
W,0x7a3,57879
W,0xccf8,44305
W,0xc8e9,28281
R,0x4f77,
W,0x4a45,58079
R,0x9917,
R,0x118c,
W,0x7e46,18207
W,0x2789,8568
R,0xcaa8,
R,0xaf05,
R,0xd83a,
W,0xfcc3,30055
W,0x7da4,61535
W,0x4ca,49264
R,0x61ee,
W,0xd33,64311
R,0x27a9,
W,0x8e7e,4365
R,0x7786,
W,0x76c0,30151
R,0xa0a2,
W,0x95ab,19052
W,0xfea,12625
R,0xabab,
W,0x4fa8,64708
W,0x2069,58609
W,0xfb0f,61579
R,0x3ccb,
W,0x8830,36502
W,0x613a,15288
W,0xda32,34380
R,0x8bb5,
W,0x29cc,3989
R,0x85fe,
W,0x4d56,33018
R,0xa888,
W,0x940e,23135
W,0xc848,52416
W,0x8e71,41957
R,0xfc94,
R,0xab7,
R,0xf0cb,
R,0x8e4,
R,0x634a,
R,0x4273,
W,0xc32e,7424
R,0xb3cb,
W,0xe192,41208
W,0x1081,24467
R,0xa624,
R,0x7348,
R,0x1ac5,
R,0x994f,
W,0x3596,2598
W,0xfbfa,65423
R,0x774d,
R,0xbe55,
W,0x9c79,14902
R,0x5bf8,
W,0x8046,53325
W,0x3951,17862
R,0x13b5,
W,0x3185,59892
W,0x151b,13211
W,0xc6ed,56906
W,0xc420,62122
W,0x2a1c,597
W,0x653e,46441
R,0x5bc1,
R,0x4ce4,
R,0x1cd5,
R,0x926c,
R,0x3222,
R,0x87dc,
R,0xb11c,
R,0x32f1,
R,0xdebe,
W,0x6438,473
W,0x2d45,123
R,0xfbc8,
R,0x68e7,
R,0xe4c2,
R,0x6617,
W,0x5c56,14864
R,0xb72b,
R,0xd58d,
R,0x2f20,
R,0xe09b,
R,0xb94e,
W,0x216e,62538
W,0x5780,56861
R,0xda0f,
W,0xc317,13874
W,0x5dc7,13817
W,0x3c90,39605
W,0x371c,2909
W,0x3458,53624
W,0xcdd2,12444
R,0x262a,
W,0x8009,28425
W,0x320a,58474
R,0xf145,
W,0xd48f,47111
W,0x8aaf,13108
R,0x477e,
R,0x560c,
W,0x4e24,32502
R,0x5446,
R,0xd48c,
W,0x1bf5,1471
R,0xdb90,
R,0x982d,
W,0xfc2c,61040
R,0x5738,
W,0x7150,40253
W,0x85ca,13552
R,0x1d74,
R,0x961a,
R,0x2302,
W,0x7837,45532
R,0x448a,
R,0xcd27,
R,0x8f8d,
W,0x3383,39085
R,0x2bba,
W,0x9b66,29102
R,0x9601,
W,0x60af,6897
R,0xd863,
R,0xcd7c,
R,0x347b,
W,0x6de9,16039
R,0xb7df,
W,0xedd7,42574
W,0x347b,37816
W,0x27f0,53560
W,0xd88e,47871
R,0xee9e,
R,0x3016,
W,0x8b3e,50617
R,0x50c0,
R,0xbed7,
W,0x571b,37285
R,0x134e,
R,0x1812,
W,0x7a2c,28568
R,0x9489,
R,0x372b,
W,0xec09,43008
R,0xf0d5,
W,0xb066,5599
R,0x346b,
R,0x4028,
W,0x857d,8313
W,0x8814,4301
W,0xc1d5,24524
W,0x2f83,56250
W,0x8530,49877
W,0x2ebe,65133
W,0xf82e,50001
W,0x1436,62819
W,0xa8da,37093
W,0xadbf,31211
W,0x80d4,61621
R,0xb1f1,
R,0x33c4,
W,0x62b3,53167
R,0xb11f,
R,0xef1c,
R,0xce96,
R,0x652e,
R,0xcd4,
W,0x89c5,21228
R,0xafac,
W,0x702e,15332
R,0x5830,
W,0x7340,2610
R,0x91ff,
R,0xdb09,
R,0x2756,
R,0x65b0,
R,0x65ae,
W,0xf830,52551
R,0xf780,
R,0xe5ab,
R,0xef20,
W,0x31a2,36976
R,0x867b,
R,0x2264,
W,0x846a,32545
W,0x5747,43622
R,0xe925,
W,0x7c85,26971
W,0xb65e,61979
R,0x6c10,
R,0x8333,
W,0x5e62,37183
W,0xc877,60491
R,0x285,
W,0x19f5,58707
R,0xadb9,
W,0x123f,48291
W,0x18fc,22880
W,0x1612,7866
W,0x8357,21957
R,0x337,
W,0x9ced,25638
W,0xdd50,50452
R,0xc4c4,
W,0x8ff7,32107
W,0x402d,445
R,0xc0d0,
R,0x672c,
R,0xb67b,
R,0x8ac5,
W,0x6147,29332
W,0x545e,56321
R,0x8e67,
W,0x23ab,5572
W,0x7fc1,633
R,0xad48,
W,0xed80,51797
W,0x9161,30319
W,0xe27d,32367
W,0x79f8,12452
R,0x921f,
W,0xa16d,48575
R,0x972c,
R,0x460b,
R,0xa202,
R,0x4983,
R,0x90a0,
W,0x4e58,24788
R,0x7937,
W,0x48d2,2031
R,0xdffa,
R,0xc7bb,
W,0xb4a7,45064
R,0x4dc7,
R,0xe69c,
R,0x50bd,
W,0xf76e,12189
R,0x3def,
R,0x620e,
W,0xcbd6,64375
R,0x2fde,
R,0xc139,
W,0x24de,29621
W,0xd510,43385
R,0x2c11,
W,0xbb3a,37132
W,0xfaea,53908
R,0xdc28,
R,0x4b07,
W,0x5abe,4335
W,0xf139,53942
W,0x70,16430
W,0xd243,41432
R,0x9ea9,
R,0xc497,
R,0xda52,
W,0xdcf,17717
W,0xbe61,49006
R,0x46a6,
R,0x900,
R,0x1267,
R,0x77f2,
R,0xdd8b,
R,0x5540,
W,0x893,12509
W,0x1472,30269
W,0x227f,871
W,0x9a93,28650
W,0xff89,6559
W,0x93a7,57030
W,0xa883,14637
W,0xb3a6,11033
R,0x9f66,
W,0xe1f4,3315
W,0x74c9,32069
R,0xfe68,
R,0x308c,
W,0x3e34,41368
R,0xa197,
R,0xc66d,
R,0x934d,
R,0x2618,
W,0xf7b8,14683
R,0x93e7,
W,0x5e8f,38730
R,0x2879,
R,0xfd6,
R,0x5b80,
W,0x4e03,20066
R,0x49d7,
R,0x53ae,
R,0x902d,
W,0x7cdc,60781
R,0x7f57,
W,0x10dc,54660
R,0x94f4,
R,0xa956,
W,0xa6aa,16471
R,0x4c63,
W,0xfc07,57736
W,0x8d6c,65212
R,0xe075,
W,0xb5fe,18815
R,0x2b17,
R,0xe441,
W,0x16c1,58932
R,0x595f,
W,0xaf7a,35924
R,0x2f58,
R,0x74b5,
R,0xad09,
R,0x915f,
R,0x5a1e,
W,0x2a6,64557
W,0x6b1d,27519
W,0xa8cc,48175
R,0x9497,
W,0xc969,50076
R,0x13ba,
R,0x54bd,
W,0x3fa7,27855
W,0x292,52346
R,0xa00,
W,0x2749,16926
W,0x81aa,65089
W,0x529d,65236
R,0x33a5,
R,0xd8ae,
W,0x1ce4,24489
W,0xed81,2478
W,0x2aa2,57752
R,0x7387,
R,0x891e,
R,0xffda,
R,0xef47,
W,0xd63f,5246
R,0x51c3,
R,0x1ac,
R,0x127d,
R,0x59f2,
W,0xd410,47164
R,0x4d89,
W,0x9bcb,42928
R,0x77fe,
W,0x6a93,32341
W,0xc5b,9666
W,0x1304,4838
W,0xf26e,64992
R,0xe912,
R,0x7f05,
W,0x2321,23312
R,0x12c9,
W,0x93df,41470
R,0xb0e3,
W,0xbd6f,17280
W,0x100d,51445
R,0x2732,
R,0x4dd2,
W,0x8468,10742
W,0x7e9c,38255
W,0xa6cf,56359
W,0x72d,47147
W,0x7dd5,25943
W,0x867,48428
W,0x4d1f,9266
R,0x109b,
W,0x29b8,30021
W,0x3ae3,717
W,0xb594,12517
R,0x22d1,
W,0xee22,9724
W,0x6822,36580
W,0x6a04,19000
R,0x1ffd,
W,0xe1e5,1601
W,0x73b7,22995
W,0x8bf9,53781
R,0xabab,
R,0x2cc7,
R,0x2621,
R,0xeb2f,
R,0x89bd,
R,0xd4c1,
R,0x9474,
R,0x104f,
R,0x8a4b,
W,0x836c,41038
W,0x79d0,61008
R,0x181a,
W,0xb494,13886
W,0x8bc9,49412
W,0x360,60902
R,0x454a,
R,0xfc7d,
W,0xbbcb,11671
R,0x2686,
R,0x8309,
R,0xa016,
W,0xc595,47009
R,0xaf65,
R,0xc4c9,
R,0x32b2,
W,0xa94a,4101
R,0xaf25,
W,0xe67c,1517
W,0x33f8,26070
R,0xa3fb,
R,0x19d2,
W,0xd54a,2337
W,0x7c33,23673
R,0x831a,
W,0x4eb1,22463
R,0x8121,
W,0x7529,2442
R,0x1533,
W,0xab8,9506
W,0x6595,57215
W,0x4051,12123
R,0x5b51,
R,0x48db,
R,0x6907,
R,0x9253,
R,0xe3f,
W,0x1ce7,36731
W,0x210a,35571
R,0x80c2,
W,0x56fe,12710
R,0x3f74,
R,0xfefc,
R,0xf472,
R,0x533,
W,0x6797,46469
W,0xceb2,11910
W,0xe5ab,46326
R,0x5678,
R,0x335b,
R,0x79e,
W,0x55f0,55126
R,0x36f6,
W,0xb218,40555
W,0x267,44329
R,0xfe8e,
R,0xf849,
W,0x2226,9969
R,0xb4a2,
R,0x8c84,
R,0xb664,
W,0x90bc,19016
W,0x8695,48560
W,0x669a,46661
W,0x8c83,48123
W,0x96de,48503
R,0xa358,
W,0xe83d,28247
R,0x6f7,
R,0xf0ef,
W,0x7ac,1681
W,0xd1d4,32249
R,0x8f67,
R,0x4e0e,
W,0x71dd,21963
W,0x1245,63464
W,0x7891,146
W,0x7c32,61412
W,0x3e0a,25306
R,0xa90e,
R,0x5f7a,
W,0x7888,13637
W,0x4c6b,39142
W,0x47a7,31432
W,0xa5fd,53219
W,0x2e3b,29755
R,0xc1fc,
R,0xfa82,
W,0xe851,6901
W,0x4860,44843
R,0xf2dd,
W,0x24bc,65507
R,0xf43,
R,0xaa0,
R,0xa456,
W,0xfc9a,11318
R,0xdba8,
R,0x7784,
R,0x1c59,
W,0x4b7,2335
R,0x8fef,
W,0xc303,53632
W,0xb300,40414
W,0x2cde,17273
W,0x800c,55644
R,0xe704,
R,0x67c3,
R,0x5c59,
W,0x6019,61228
R,0x4c4d,
R,0xc115,
R,0x2377,
R,0x952a,
R,0x2bdc,
R,0xd85d,
R,0x607b,
W,0x1646,5201
W,0xc56d,58380
W,0xccdd,51772
W,0xbfcb,42059
R,0x6eea,
R,0x4384,
W,0xda47,33655
R,0x3538,
W,0xae55,2067
W,0x1566,34799
W,0x9c84,56610
R,0xa3f0,
R,0x127,
R,0xe56f,
R,0x55a6,
R,0xbfc7,
W,0x4ac3,48877
W,0x460c,56699
W,0x7e61,3699
W,0xee00,31959
W,0xbecb,16784
W,0xb4a0,16087
R,0xf4ee,
R,0x555c,
R,0x522d,
W,0x3fc1,4998
W,0x8db7,35713
R,0x4189,
R,0x4ff5,
W,0x324,5728
W,0x503b,56063
W,0xe275,2319
R,0x4fa3,
R,0x7efa,
W,0xb5f8,64918
R,0x67dd,
W,0xb1de,22223
R,0x8003,
R,0xc659,
W,0xd374,19212
W,0x43e5,799
R,0x409b,
R,0x6ac2,
W,0x99d7,40361
R,0xade2,
R,0x7e78,
R,0x96e4,
R,0x27d2,
W,0x484e,56110
R,0x2d9a,
W,0x68a5,371
W,0x7a1b,38395
W,0xa049,38251
R,0xad5a,
W,0xe0ba,44543
W,0x2e6e,47015
W,0x8bc9,61643
W,0x3650,42641
W,0x8194,35571
R,0xcdcc,
W,0x7606,44772
W,0x192f,41976
R,0x66f5,
R,0x8244,
R,0x4142,
W,0xd0d8,7250
R,0x8632,
R,0x32,
W,0xac9,16521
R,0xa735,
W,0xcc76,56444
R,0xa28e,
W,0x9133,36280
W,0x2d14,14135
R,0xc685,
R,0x516,
W,0xd4fe,14066
W,0xcba9,17148
R,0x92dc,
R,0xb1a1,
R,0x5d43,
W,0xbf90,16078
R,0x561b,
R,0xea42,
R,0xdf10,
R,0x9ebe,
R,0xc434,
R,0xa8df,
R,0xf025,
R,0xa6c4,
W,0x653e,20439
R,0xc007,
R,0x9362,
R,0x8aa3,
R,0xe2c0,
W,0xb8ac,58363
W,0x745e,9468
R,0xf38,
W,0x15c4,62699
W,0xbf80,998
R,0xf8d3,
W,0xded4,4946
R,0x8ea3,
R,0x7703,
W,0x40a2,11789
R,0x2f84,
R,0x9352,
R,0xca51,
R,0x2b88,
W,0x9dd4,53017
R,0x7e43,
R,0x3afb,
W,0x6c82,4770
R,0x1c5a,
W,0xf0fc,21260
W,0x8717,37859
W,0xf523,25765
W,0xcea5,63730
W,0x67a8,21673
W,0x594b,2637
R,0x142e,
R,0x4551,
R,0xdf7b,
W,0xe2ed,7407
R,0x107,
R,0x3eaf,
R,0x25c4,
R,0x7414,
W,0x3109,9462
R,0xfe0d,
W,0xb97a,41393
R,0x3dbc,
W,0xab94,30322
W,0x3449,47965
R,0xb18b,
W,0xc64f,33771
R,0xa2a,
R,0x5aa7,
W,0x7033,47086
W,0xd5bb,29270
R,0xc701,
W,0xed9,55987
R,0x7887,
W,0xe31c,15578
W,0x9b92,48696
R,0x58e8,
W,0x9b26,12034
W,0xc1b3,26284
W,0x75d1,62221
R,0x97ed,
W,0x42ef,26467
R,0xda17,
W,0x56bf,42235
R,0x893f,
R,0xaaa0,
W,0xe847,52967
R,0x121a,
R,0xb4ec,
W,0x6bc1,62282
R,0x83be,
W,0x1e82,19664
W,0x232a,35651
R,0x808,
R,0xcd21,
W,0x46a7,43172
R,0x6a73,
W,0x34b,36021
W,0x4c44,62539
R,0x6d40,
W,0xeafd,64681
W,0x9919,15607
R,0x7032,
W,0x14a9,12566
W,0x1fc0,49500
W,0x7a1,21873
R,0xbf11,
W,0xe601,51766
R,0x5e1,
W,0xad70,59111
R,0xcf0f,
R,0x45bc,
R,0xd435,
W,0x5778,49607
W,0xcf82,48214
R,0xc025,
W,0x4115,256
R,0x36b1,
W,0x1d58,56390
R,0x54d3,
R,0x3c94,
R,0x7bd9,
W,0x8396,42636
W,0xcb2,13581
R,0xf479,
R,0xd69f,
R,0xdde,
W,0xf887,14642
W,0xe702,3319
W,0x2cad,54460
R,0xeec9,
R,0x278e,
R,0x953a,
R,0x239a,
R,0xcd87,
W,0x464f,40221
W,0x4e09,584
R,0xa281,
R,0x157d,
W,0x3fd8,56365
W,0x33f3,36711
R,0x60a3,
R,0xa5c6,
R,0x8aae,
R,0x7a98,
W,0xec8e,22969
W,0xe5c9,58789
R,0xa152,
W,0xc8a9,9364
R,0x704a,
W,0x4987,28279
W,0xd603,64601
W,0xd1d,17357
W,0x877d,47270
R,0xd8d6,
R,0xc77d,
R,0x441f,
W,0x6743,15726
W,0x1cbc,63204
R,0x67c0,
R,0x433f,
W,0xf904,49657
W,0xdd86,32102
W,0xd98b,61491
W,0x5faa,21252
R,0x95ba,
W,0x187f,47027
W,0x1df1,54374
R,0x189c,
W,0x94ee,56609
R,0xaacd,
R,0xb1c5,
W,0xe450,10050
W,0x319b,19883
W,0x3268,25346
W,0x6781,342
W,0x6eca,8853
W,0x70ec,21592
W,0xfe07,16349
W,0x7317,15207
R,0xe42d,
W,0xba5a,20702
R,0xd85a,
R,0x333e,
W,0x45b1,32209
W,0x3d58,64238
W,0xb8b8,57474
R,0xd895,
R,0x5ae6,
R,0xb6a3,
R,0xc13d,
W,0x4637,6007
W,0x5442,28997
W,0xbb4,58705
W,0xb332,60664
R,0x4b2a,
W,0xd33d,57129
R,0xeab9,
W,0xecd2,7022
R,0x4347,
W,0x9a05,42852
R,0xa5aa,
W,0x23da,48290
W,0x9158,16110
W,0x83ac,16034
R,0x23fb,
R,0x6ef2,
R,0x19d3,
R,0x44d1,
W,0xbbf,8834
W,0xcbf5,58526
R,0x9f6b,
W,0xbdc9,354
R,0x6d66,
R,0xabc5,
W,0xef6a,28139
W,0x1641,33736
W,0x802b,50912
R,0x2939,
W,0xd8ec,50087
R,0xb019,
W,0x1a01,12097
R,0xa49d,
W,0x606a,8072
R,0x83d6,
R,0xb1c,
W,0xa341,49420
W,0xdf75,9539
W,0x8353,42807
W,0x94e4,48553
R,0xfe5,
W,0x29d9,3407
W,0xec46,30747
W,0xe98,4795
R,0x879b,